Length of URL,Has IP address,Shortening Service,Having @ Symbol,Double Slash Redirecting,Prefix-Suffix,CTLD,HTTPS in Domain,Sensitive Words,Has Tilde,Has Port,PhishID,frequency_of_a_tags,frequency_of_alltags,presence_of_iframes,presence_of_popups,right_click_disabling,checking_sfh,request_url,url-of-anchor,links_in_meta_img,check_hidden_content,Current Domain Age,Matching Domain Name,Length of Domain,Google page index
1,1,1,1,1,1,0,-1,1,1,-1,8276365,1,1,1,1,1,-1,-1,-1,0,1,0,0,0,-1
-1,1,1,1,1,1,-1,-1,-1,1,-1,8276363,1,1,1,1,1,-1,1,1,-1,1,1,-1,1,-1
-1,1,1,1,1,-1,-1,-1,-1,1,-1,8276361,1,1,1,1,1,-1,1,1,-1,1,1,-1,1,-1
-1,1,1,1,1,-1,-1,-1,-1,1,-1,8276360,1,1,1,1,1,-1,1,1,-1,1,1,-1,1,-1
-1,1,1,1,1,-1,-1,-1,-1,1,-1,8276359,1,1,1,1,1,-1,1,1,-1,1,1,-1,1,-1
-1,1,1,1,1,1,-1,-1,-1,1,-1,8276358,1,1,1,1,1,-1,1,1,-1,1,1,-1,1,-1
-1,1,1,1,1,1,-1,-1,-1,1,-1,8276357,1,1,1,1,1,-1,1,1,-1,1,1,-1,1,-1
-1,1,1,1,1,1,-1,-1,-1,1,-1,8276356,1,1,1,1,1,-1,1,1,-1,1,1,-1,1,-1
-1,1,1,1,1,1,-1,-1,-1,1,-1,8276355,1,1,1,1,1,-1,1,1,-1,1,1,-1,1,-1
-1,1,1,1,1,-1,-1,-1,-1,1,-1,8276354,1,1,1,1,1,-1,1,1,-1,1,1,-1,1,-1
-1,1,1,1,1,-1,-1,-1,-1,1,-1,8276353,1,1,1,1,1,-1,1,1,-1,1,1,-1,1,-1
-1,1,1,1,1,-1,-1,-1,-1,1,-1,8276352,1,1,1,1,1,-1,1,1,-1,1,1,-1,1,-1
1,1,1,1,1,1,0,-1,1,1,-1,8276346,-1,0,1,1,1,-1,-1,-1,1,-1,1,-1,1,-1
1,1,1,1,1,1,0,-1,1,1,-1,8276345,1,1,1,1,1,-1,-1,-1,-1,1,0,0,0,1
1,1,1,1,1,1,0,-1,1,1,-1,8276344,1,1,1,1,1,-1,-1,-1,-1,1,0,0,0,1
-1,1,1,1,-1,1,0,-1,1,1,-1,8276343,1,1,1,1,1,-1,1,1,-1,1,1,-1,1,1
-1,1,1,1,-1,1,0,-1,1,1,-1,8276342,1,1,1,1,1,-1,1,1,-1,1,1,-1,1,1
-1,1,1,1,-1,1,0,-1,1,1,-1,8276341,1,1,1,1,1,-1,1,1,-1,1,1,-1,1,1
-1,1,1,1,-1,1,0,-1,1,1,-1,8276340,1,1,1,1,1,-1,1,1,-1,1,1,-1,1,1
-1,1,1,1,-1,1,0,-1,1,1,-1,8276339,1,1,1,1,1,-1,1,1,-1,1,1,-1,1,1
1,1,1,1,1,-1,0,-1,1,1,-1,8276336,1,0,1,1,1,-1,-1,1,-1,1,0,0,0,-1
1,1,1,1,1,1,0,-1,1,1,-1,8276335,-1,0,1,1,1,-1,-1,-1,1,-1,1,-1,1,-1
1,1,1,1,1,1,1,-1,1,1,-1,8276334,1,1,1,1,1,-1,1,-1,1,1,1,1,1,-1
-1,1,1,1,-1,1,-1,-1,-1,1,-1,8276332,1,1,1,1,1,-1,-1,1,1,1,0,-1,0,-1
-1,1,1,1,-1,1,-1,-1,-1,1,-1,8276331,1,1,1,1,1,-1,-1,1,1,1,0,-1,0,-1
-1,1,1,1,-1,1,-1,-1,-1,1,-1,8276330,1,1,1,1,1,-1,-1,1,1,1,0,-1,0,-1
0,1,1,1,1,1,-1,-1,-1,1,-1,8276329,1,1,1,1,1,-1,1,1,-1,1,0,-1,0,-1
-1,1,1,1,1,-1,-1,-1,-1,1,-1,8276302,1,1,1,1,1,-1,1,1,-1,1,1,-1,1,-1
-1,1,1,1,1,1,-1,-1,-1,1,-1,8276298,1,1,1,1,1,-1,1,1,-1,1,0,-1,0,-1
-1,1,1,1,1,1,-1,-1,-1,1,-1,8276297,1,1,1,1,1,-1,1,1,-1,1,0,-1,0,-1
-1,1,1,1,1,1,-1,-1,-1,1,-1,8276296,1,1,1,1,1,-1,1,1,-1,1,0,-1,0,-1
-1,1,1,1,1,1,-1,-1,-1,1,-1,8276295,1,1,1,1,1,-1,1,1,-1,1,1,-1,1,-1
-1,1,1,1,-1,-1,-1,-1,-1,1,-1,8276294,1,1,1,1,1,-1,-1,1,1,1,0,-1,0,-1
-1,1,1,1,-1,-1,-1,-1,-1,1,-1,8276293,1,1,1,1,1,-1,-1,1,1,1,0,-1,0,-1
-1,1,-1,1,-1,1,-1,-1,-1,1,-1,8276287,1,1,1,1,1,-1,-1,1,1,1,1,-1,1,-1
-1,1,1,1,-1,1,-1,-1,-1,1,-1,8276286,1,1,1,1,1,-1,-1,1,1,1,1,-1,1,-1
-1,1,1,1,-1,1,-1,-1,-1,1,-1,8276285,1,1,1,1,1,-1,-1,1,1,1,0,-1,0,-1
-1,1,1,1,-1,1,-1,-1,-1,1,-1,8276284,1,1,1,1,1,-1,-1,1,1,1,0,-1,0,-1
-1,1,1,1,-1,1,-1,-1,-1,1,-1,8276283,1,1,1,1,1,-1,-1,1,1,1,0,-1,0,-1
-1,1,1,1,-1,-1,-1,-1,-1,1,-1,8276279,1,1,1,1,1,-1,-1,1,1,1,1,-1,1,-1
-1,1,1,1,-1,-1,-1,-1,-1,1,-1,8276278,1,1,1,1,1,-1,-1,1,1,1,1,-1,1,-1
-1,1,1,1,-1,-1,-1,-1,-1,1,-1,8276265,1,1,1,1,1,-1,-1,1,1,1,1,-1,1,-1
-1,1,1,1,-1,-1,-1,-1,-1,1,-1,8276264,1,1,1,1,1,-1,-1,1,1,1,1,-1,1,-1
-1,1,-1,1,-1,-1,-1,-1,-1,-1,-1,8276263,1,1,1,1,1,-1,-1,1,1,1,1,-1,1,-1
-1,1,-1,1,-1,-1,-1,-1,-1,1,-1,8276260,1,1,1,1,1,-1,-1,1,1,1,1,-1,1,-1
-1,1,1,1,-1,1,-1,-1,-1,1,-1,8276249,1,1,1,1,1,-1,-1,1,1,1,0,-1,0,-1
-1,1,1,1,-1,1,-1,-1,-1,1,-1,8276248,1,1,1,1,1,-1,-1,1,1,1,0,-1,0,-1
-1,1,1,1,-1,1,-1,-1,-1,1,-1,8276247,1,1,1,1,1,-1,-1,1,1,1,0,-1,0,-1
-1,1,1,1,-1,1,-1,-1,-1,1,-1,8276246,1,1,1,1,1,-1,-1,1,1,1,1,-1,1,-1
0,1,1,1,1,-1,0,-1,1,1,-1,8276245,-1,1,1,1,1,-1,-1,-1,-1,1,0,0,0,-1
1,1,1,1,1,1,0,-1,1,1,-1,8276242,-1,0,1,1,1,-1,-1,-1,1,-1,1,-1,1,1
1,1,1,1,1,1,0,-1,1,1,-1,8276229,1,1,1,1,1,1,1,1,1,1,-1,-1,1,-1
1,1,1,1,1,1,0,-1,1,1,-1,8276222,-1,1,1,1,1,-1,-1,-1,0,-1,1,-1,1,-1
1,1,1,1,1,-1,1,-1,1,1,-1,8276217,-1,1,1,1,1,-1,-1,-1,-1,-1,-1,-1,1,1
1,1,1,1,1,1,1,-1,1,1,-1,8276213,-1,0,1,1,1,-1,-1,-1,0,1,0,0,0,-1
1,1,1,1,1,1,1,-1,1,1,-1,8276212,-1,0,1,1,1,-1,-1,-1,0,1,0,0,0,-1
1,1,1,1,1,-1,1,-1,1,1,-1,8276208,-1,0,1,1,1,-1,-1,-1,-1,1,0,0,0,1
1,1,1,1,1,1,0,-1,1,1,-1,8276163,-1,0,1,1,1,-1,-1,-1,1,-1,1,-1,1,-1
1,1,1,1,1,-1,0,-1,1,1,-1,8276162,-1,0,1,1,1,-1,-1,-1,1,-1,1,-1,1,-1
0,1,1,1,1,1,-1,-1,1,1,-1,8276161,1,1,1,1,1,-1,1,-1,1,1,1,-1,1,-1
0,1,1,1,1,1,-1,-1,1,1,-1,8276160,1,1,1,1,1,-1,1,-1,1,1,1,-1,1,-1
1,1,1,1,1,1,0,-1,1,1,-1,8276159,-1,1,1,1,1,-1,-1,-1,1,1,1,-1,1,-1
1,1,1,1,1,1,0,-1,1,1,-1,8276158,-1,0,1,1,1,-1,-1,-1,1,-1,1,-1,1,1
-1,1,1,1,1,-1,0,-1,-1,1,-1,8276157,1,1,1,1,1,-1,1,1,-1,1,1,-1,1,-1
1,1,1,1,1,1,0,-1,1,1,-1,8276156,1,1,1,1,1,-1,-1,-1,0,1,0,0,0,1
1,1,1,1,1,1,0,-1,1,1,-1,8276155,1,1,1,1,1,-1,-1,-1,0,1,0,0,0,1
1,1,1,1,1,1,0,-1,1,1,-1,8276154,1,0,1,1,1,-1,-1,1,0,1,1,-1,1,-1
0,1,1,1,1,1,0,-1,1,1,-1,8276153,1,1,1,1,1,-1,1,1,1,1,1,-1,1,-1
1,1,1,1,1,1,0,-1,1,1,-1,8276152,-1,0,1,1,1,-1,-1,-1,1,-1,1,-1,1,1
1,1,1,1,1,1,0,-1,1,1,-1,8276150,-1,0,1,1,1,-1,-1,-1,1,-1,1,-1,1,-1
1,1,1,1,1,1,0,-1,1,1,-1,8276151,-1,1,1,1,1,-1,-1,-1,1,1,1,-1,1,-1
-1,-1,1,1,-1,1,-1,-1,-1,1,-1,8276137,-1,1,1,1,1,-1,-1,-1,-1,-1,0,0,0,-1
-1,-1,1,1,1,1,-1,-1,-1,1,-1,8276127,-1,1,1,1,1,-1,-1,-1,-1,-1,0,0,0,-1
-1,-1,1,1,-1,1,-1,-1,-1,1,-1,8276126,-1,1,1,1,1,-1,1,-1,-1,-1,0,0,0,-1
-1,-1,1,1,1,1,-1,-1,-1,1,-1,8276119,-1,1,1,1,1,-1,-1,-1,-1,-1,0,0,0,-1
-1,-1,1,1,-1,1,-1,-1,-1,1,-1,8276118,-1,1,1,1,1,-1,1,-1,-1,-1,0,0,0,-1
1,1,1,1,1,1,0,-1,1,1,-1,8276113,-1,0,1,1,1,-1,-1,-1,1,-1,1,-1,1,1
1,1,1,1,1,1,0,-1,1,1,-1,8276112,-1,0,1,1,1,-1,-1,-1,1,-1,1,-1,1,1
1,1,1,1,1,1,0,-1,1,1,-1,8276110,-1,0,1,1,1,-1,-1,-1,1,-1,1,-1,1,-1
1,1,1,1,1,1,0,-1,1,1,-1,8276109,-1,0,1,1,1,-1,-1,-1,1,-1,1,-1,1,1
-1,-1,1,1,1,1,-1,-1,-1,1,-1,8276097,-1,1,1,1,1,-1,-1,-1,-1,-1,0,0,0,-1
-1,-1,1,1,-1,1,-1,-1,-1,1,-1,8276096,-1,1,1,1,1,-1,1,-1,-1,-1,0,0,0,-1
1,1,1,1,1,1,0,-1,1,1,-1,8276095,1,0,1,1,1,-1,-1,1,0,1,1,-1,1,1
1,1,1,1,1,1,1,-1,1,1,-1,8276094,1,1,1,1,1,-1,-1,1,-1,-1,1,-1,1,-1
1,1,1,1,1,1,0,-1,1,1,-1,8276093,-1,0,1,1,1,-1,-1,-1,1,-1,1,-1,1,1
0,1,1,1,1,1,1,-1,1,1,-1,8276086,1,1,1,1,1,-1,1,-1,1,1,-1,-1,1,-1
1,1,1,1,1,1,0,-1,1,1,-1,8276080,1,0,1,1,1,-1,-1,1,-1,1,1,-1,1,1
1,1,1,1,1,1,1,-1,1,1,-1,8275314,1,1,1,1,1,-1,1,1,1,1,1,-1,1,1
1,1,1,1,1,1,0,-1,1,1,-1,8275312,1,1,1,1,1,-1,1,0,0,1,1,-1,1,1
1,1,1,1,1,1,1,-1,1,1,-1,8275233,1,1,1,1,1,-1,-1,-1,-1,1,-1,-1,1,1
1,1,1,1,1,1,1,-1,1,1,-1,8275202,-1,0,1,1,1,-1,-1,-1,1,1,0,-1,0,1
1,1,1,1,1,1,-1,-1,1,1,-1,8274975,1,1,1,1,1,-1,1,-1,-1,1,-1,-1,-1,1
1,1,1,1,1,1,-1,-1,1,1,-1,8274974,1,1,1,1,1,-1,1,-1,-1,1,-1,-1,-1,1
1,1,1,1,1,1,1,-1,1,1,-1,8274893,-1,1,1,1,1,-1,-1,-1,-1,1,0,0,0,1
1,1,1,1,1,1,1,-1,1,1,-1,8274892,-1,1,1,1,1,-1,-1,-1,-1,1,0,0,0,1
1,1,1,1,1,1,1,-1,1,1,-1,8274887,-1,1,1,1,1,-1,-1,-1,-1,-1,-1,-1,1,1
1,1,1,1,1,1,1,-1,1,1,-1,8274886,-1,1,1,1,1,-1,-1,-1,-1,-1,-1,-1,1,1
1,1,1,1,1,-1,1,-1,1,1,-1,8274885,-1,0,1,1,1,-1,-1,-1,-1,-1,-1,-1,1,1
-1,1,1,1,1,1,-1,-1,-1,1,-1,8274564,1,1,1,1,1,-1,1,-1,1,-1,1,-1,1,1
-1,1,1,-1,1,1,-1,-1,1,1,-1,8274563,1,1,1,1,1,-1,1,-1,1,-1,1,-1,1,1
-1,1,1,1,-1,1,-1,-1,-1,-1,-1,8274559,1,1,1,1,1,-1,-1,1,1,1,1,-1,1,1
-1,1,1,1,-1,-1,-1,-1,-1,-1,-1,8274558,1,1,1,1,1,-1,-1,1,1,1,1,-1,1,1
-1,1,1,1,-1,-1,-1,-1,-1,-1,-1,8274557,1,1,1,1,1,-1,-1,1,1,1,1,-1,1,1
-1,1,1,1,-1,1,-1,-1,-1,-1,-1,8274555,1,1,1,1,1,-1,-1,1,1,1,1,-1,1,1
-1,1,1,1,-1,1,-1,-1,-1,-1,-1,8274554,1,1,1,1,1,-1,-1,1,1,1,1,-1,1,1
-1,1,-1,1,-1,1,-1,-1,-1,-1,-1,8274552,1,1,1,1,1,-1,-1,1,1,1,1,-1,1,1
-1,1,1,1,-1,1,-1,-1,-1,-1,-1,8274551,1,1,1,1,1,-1,-1,1,1,1,1,-1,1,1
-1,1,1,1,-1,1,-1,-1,-1,-1,-1,8274550,1,1,1,1,1,-1,-1,1,1,1,1,-1,1,1
-1,1,1,1,-1,-1,-1,-1,-1,-1,-1,8274547,1,1,1,1,1,-1,-1,1,1,1,1,-1,1,1
-1,1,1,1,-1,1,-1,-1,-1,-1,-1,8274546,1,1,1,1,1,-1,-1,1,1,1,0,-1,0,1
-1,1,-1,1,-1,-1,-1,-1,-1,-1,-1,8274545,1,1,1,1,1,-1,-1,1,1,1,1,-1,1,1
-1,1,1,1,-1,-1,-1,-1,-1,-1,-1,8274543,1,1,1,1,1,-1,-1,1,1,1,1,-1,1,1
-1,1,1,1,-1,-1,-1,-1,-1,-1,-1,8274542,1,1,1,1,1,-1,-1,1,1,1,1,-1,1,1
-1,1,1,1,-1,-1,-1,-1,-1,-1,-1,8274541,1,1,1,1,1,-1,-1,1,1,1,1,-1,1,1
-1,1,1,1,-1,1,-1,-1,-1,-1,-1,8274540,1,1,1,1,1,-1,-1,1,1,1,1,-1,1,1
-1,1,1,1,-1,1,-1,-1,-1,-1,-1,8274539,1,1,1,1,1,-1,-1,1,1,1,1,-1,1,1
-1,1,1,1,-1,1,-1,-1,-1,-1,-1,8274538,1,1,1,1,1,-1,-1,1,1,1,1,-1,1,1
-1,1,1,1,-1,1,-1,-1,-1,-1,-1,8274537,1,1,1,1,1,-1,-1,1,1,1,1,-1,1,1
-1,1,1,1,-1,1,-1,-1,-1,-1,-1,8274536,1,1,1,1,1,-1,-1,1,1,1,1,-1,1,1
-1,1,1,1,-1,1,-1,-1,-1,-1,-1,8274535,1,1,1,1,1,-1,-1,1,1,1,1,-1,1,1
1,1,1,1,1,-1,1,-1,-1,1,-1,8274532,1,1,1,1,1,1,1,1,1,1,-1,1,1,1
1,1,1,1,1,-1,1,-1,-1,1,-1,8274531,1,1,1,1,1,1,1,1,1,1,-1,1,1,1
-1,1,1,1,1,1,0,-1,1,1,-1,8274530,-1,0,1,1,1,-1,-1,-1,-1,-1,1,-1,1,1
1,1,-1,1,1,1,1,-1,1,1,-1,8274529,-1,0,1,1,1,-1,-1,-1,1,-1,1,-1,1,1
1,1,1,1,1,1,1,-1,1,1,-1,8274528,1,0,1,1,1,-1,-1,-1,0,-1,-1,1,1,1
1,1,1,1,1,1,1,-1,1,1,-1,8274526,-1,0,1,-1,-1,-1,-1,-1,-1,1,1,1,1,1
1,1,1,1,1,1,1,-1,1,1,-1,8274525,-1,0,1,1,1,-1,-1,-1,0,1,-1,1,1,1
0,1,1,1,1,1,1,-1,-1,1,-1,8274524,1,1,1,1,1,-1,1,1,1,-1,-1,1,-1,1
1,1,1,1,1,1,0,-1,1,1,-1,8274522,-1,0,1,1,1,-1,-1,-1,-1,-1,-1,-1,1,1
1,1,1,1,1,1,1,-1,1,1,-1,8274521,1,0,1,1,1,-1,-1,-1,1,-1,-1,1,1,1
1,1,1,1,1,1,1,-1,1,1,-1,8274520,1,0,1,1,1,-1,-1,-1,1,-1,-1,1,1,1
1,1,1,1,1,1,1,-1,1,1,-1,8274519,-1,0,1,1,1,-1,-1,-1,1,-1,1,1,1,1
1,1,1,1,1,1,1,-1,1,1,-1,8274518,-1,0,1,1,1,-1,-1,-1,1,-1,1,1,1,1
1,1,1,1,1,1,1,-1,1,1,-1,8274517,-1,0,1,1,1,-1,-1,-1,-1,-1,1,1,1,1
1,1,-1,1,1,1,0,-1,1,1,-1,8274515,-1,0,1,1,1,-1,-1,-1,1,1,1,-1,1,1
-1,1,-1,1,1,1,0,-1,1,1,-1,8274514,-1,0,1,1,1,-1,-1,-1,1,1,1,-1,1,1
1,1,1,1,1,1,1,-1,1,1,-1,8274513,1,0,1,1,1,-1,-1,-1,1,-1,1,1,1,1
1,1,1,1,1,1,1,-1,1,1,-1,8274512,1,0,1,1,1,-1,-1,-1,1,-1,1,1,1,1
1,1,1,1,1,1,1,-1,1,1,-1,8274511,-1,0,1,1,1,-1,-1,-1,-1,-1,1,1,1,1
-1,1,1,1,1,1,0,-1,1,1,-1,8274510,1,1,1,1,1,-1,-1,1,1,-1,1,-1,1,1
0,1,1,1,1,1,0,-1,1,1,-1,8274508,-1,0,1,1,1,-1,-1,-1,-1,-1,0,-1,0,1
1,1,1,1,1,1,1,-1,1,1,-1,8274507,-1,0,1,1,1,-1,-1,-1,-1,-1,1,1,1,1
1,1,1,1,1,1,1,-1,1,1,-1,8274506,-1,0,1,1,1,-1,-1,-1,-1,1,0,0,0,1
1,1,1,1,1,1,1,-1,1,1,-1,8274505,1,1,1,1,1,-1,0,1,1,1,0,-1,0,1
1,1,1,1,1,1,1,-1,1,1,-1,8274504,-1,1,1,1,1,-1,0,1,1,1,0,-1,0,1
0,1,1,1,1,1,1,-1,1,1,-1,8274502,-1,0,1,1,1,-1,-1,-1,-1,-1,1,1,1,1
1,1,1,1,1,1,1,-1,1,1,-1,8274501,-1,1,1,1,1,-1,1,-1,1,1,1,-1,1,1
1,1,1,1,1,1,1,-1,1,1,-1,8274500,-1,0,1,1,1,-1,-1,-1,-1,-1,1,1,1,1
1,1,1,1,1,1,1,-1,1,1,-1,8274499,1,1,1,1,1,-1,1,1,0,1,-1,1,1,1
1,1,1,1,1,1,1,-1,1,1,-1,8274498,1,1,1,1,1,-1,1,1,0,1,-1,1,1,1
1,1,1,1,1,1,-1,-1,1,1,-1,8274497,1,0,1,1,1,-1,-1,-1,-1,-1,-1,-1,1,1
1,1,1,1,1,1,1,-1,1,1,-1,8274496,1,0,1,1,1,-1,-1,-1,0,1,1,-1,1,1
1,1,1,1,1,1,1,-1,1,1,-1,8274495,-1,0,1,1,1,-1,-1,-1,0,1,1,-1,1,1
1,1,1,1,1,1,-1,-1,1,1,-1,8274493,1,0,1,1,1,-1,-1,-1,1,1,1,-1,1,1
-1,1,1,-1,1,-1,1,-1,1,1,-1,8274491,1,1,1,1,1,1,1,1,1,1,1,-1,1,1
0,1,1,1,1,-1,0,-1,1,1,-1,8274487,-1,1,1,1,1,-1,-1,-1,-1,1,0,0,0,1
1,1,1,1,1,1,0,-1,1,1,-1,8274485,1,0,1,1,1,-1,-1,-1,-1,1,0,0,0,1
1,1,1,1,1,1,0,-1,1,1,-1,8274484,1,1,1,1,1,-1,-1,-1,-1,1,0,0,0,1
-1,1,1,1,-1,1,0,-1,1,1,-1,8274481,1,1,1,1,1,-1,1,1,-1,1,1,-1,1,1
-1,1,1,1,-1,1,0,-1,1,1,-1,8274480,1,1,1,1,1,-1,1,1,-1,1,1,-1,1,1
-1,1,1,1,-1,1,0,-1,1,1,-1,8274478,1,1,1,1,1,-1,1,1,-1,1,1,-1,1,1
-1,1,1,1,-1,1,0,-1,1,1,-1,8274476,1,1,1,1,1,-1,1,1,-1,1,1,-1,1,1
-1,1,1,1,-1,1,0,-1,1,1,-1,8274475,1,1,1,1,1,-1,1,1,-1,1,1,-1,1,1
-1,1,1,1,-1,1,0,-1,1,1,-1,8274474,1,1,1,1,1,-1,1,1,-1,1,1,-1,1,1
-1,1,1,1,-1,1,0,-1,1,1,-1,8274473,1,1,1,1,1,-1,1,1,-1,1,1,-1,1,1
-1,1,1,1,-1,1,0,-1,1,1,-1,8274472,1,1,1,1,1,-1,1,1,-1,1,1,-1,1,1
-1,1,1,1,-1,1,0,-1,1,1,-1,8274469,1,1,1,1,1,-1,1,1,-1,1,1,-1,1,1
-1,1,1,1,-1,1,0,-1,1,1,-1,8274468,1,1,1,1,1,-1,1,1,-1,1,1,-1,1,1
-1,1,1,1,-1,1,0,-1,1,1,-1,8274467,1,1,1,1,1,-1,1,1,-1,1,1,-1,1,1
-1,1,1,1,-1,1,0,-1,1,1,-1,8274466,1,1,1,1,1,-1,1,1,-1,1,1,-1,1,1
-1,1,1,1,-1,1,0,-1,1,1,-1,8274465,1,1,1,1,1,-1,1,1,-1,1,1,-1,1,1
-1,1,1,1,-1,1,0,-1,1,1,-1,8274464,1,1,1,1,1,-1,1,1,-1,1,1,-1,1,1
-1,1,1,1,-1,1,0,-1,1,1,-1,8274463,1,1,1,1,1,-1,1,1,-1,1,1,-1,1,1
-1,1,1,1,-1,1,0,-1,1,1,-1,8274462,1,1,1,1,1,-1,1,1,-1,1,1,-1,1,1
-1,1,1,1,-1,1,0,-1,1,1,-1,8274461,1,1,1,1,1,-1,1,1,-1,1,1,-1,1,1
-1,1,1,1,-1,1,0,-1,1,1,-1,8274460,1,1,1,1,1,-1,1,1,-1,1,1,-1,1,1
-1,1,1,1,-1,1,0,-1,1,1,-1,8274459,1,1,1,1,1,-1,1,1,-1,1,1,-1,1,1
-1,1,1,1,-1,1,0,-1,1,1,-1,8274458,1,1,1,1,1,-1,1,1,-1,1,1,-1,1,1
-1,1,1,1,-1,1,0,-1,1,1,-1,8274457,1,1,1,1,1,-1,1,1,-1,1,1,-1,1,1
-1,1,1,1,-1,1,0,-1,1,1,-1,8274456,1,1,1,1,1,-1,1,1,-1,1,1,-1,1,1
-1,1,1,1,-1,1,0,-1,1,1,-1,8274455,1,1,1,1,1,-1,1,1,-1,1,1,-1,1,1
-1,1,1,1,-1,1,0,-1,1,1,-1,8274454,1,1,1,1,1,-1,1,1,-1,1,1,-1,1,1
1,1,1,1,1,-1,0,-1,1,1,-1,8274453,1,0,1,1,1,-1,-1,-1,-1,1,0,0,0,1
-1,1,1,1,1,-1,-1,-1,-1,1,-1,8274451,1,1,1,1,1,-1,-1,1,1,1,0,-1,0,1
-1,1,1,1,1,-1,-1,-1,-1,1,-1,8274450,1,1,1,1,1,-1,-1,1,1,1,0,-1,0,1
-1,1,1,1,1,1,-1,-1,-1,1,-1,8274449,1,1,1,1,1,-1,-1,1,1,1,1,-1,1,1
-1,1,1,1,1,1,-1,-1,-1,1,-1,8274448,1,1,1,1,1,-1,-1,1,1,1,1,-1,1,1
-1,1,1,1,1,1,-1,-1,-1,1,-1,8274447,1,1,1,1,1,-1,-1,1,1,1,1,-1,1,1
-1,1,1,1,1,1,-1,-1,-1,1,-1,8274446,1,1,1,1,1,-1,-1,1,1,1,1,-1,1,1
-1,1,1,1,1,1,-1,-1,-1,1,-1,8274444,1,1,1,1,1,-1,-1,1,1,1,0,-1,0,1
-1,1,1,1,1,1,-1,-1,-1,1,-1,8274443,1,1,1,1,1,-1,-1,1,1,1,0,-1,0,1
-1,1,1,1,1,1,-1,-1,-1,1,-1,8274442,1,1,1,1,1,-1,-1,1,1,1,0,-1,0,1
-1,1,1,1,1,1,-1,-1,-1,1,-1,8274441,1,1,1,1,1,-1,-1,1,1,1,0,-1,0,1
-1,1,1,1,1,1,-1,-1,-1,1,-1,8274440,1,1,1,1,1,-1,-1,1,1,1,0,-1,0,1
-1,1,1,1,1,1,-1,-1,-1,1,-1,8274439,1,1,1,1,1,-1,-1,1,1,1,0,-1,0,1
-1,1,1,1,1,1,-1,-1,-1,1,-1,8274438,1,1,1,1,1,-1,-1,1,1,1,1,-1,1,1
-1,1,1,1,-1,1,-1,-1,-1,1,-1,8274432,1,1,1,1,1,-1,1,1,-1,1,0,-1,0,1
-1,1,1,1,-1,1,-1,-1,-1,1,-1,8274431,1,1,1,1,1,-1,1,1,-1,1,0,-1,0,1
-1,1,1,1,-1,1,-1,-1,-1,1,-1,8274430,1,1,1,1,1,-1,1,1,-1,1,0,-1,0,1
1,1,-1,1,1,1,-1,-1,1,1,-1,8274425,1,1,1,1,1,-1,1,1,-1,1,0,0,0,1
-1,1,-1,1,-1,-1,-1,-1,-1,-1,-1,8274422,1,1,1,1,1,-1,-1,1,1,1,1,-1,1,1
-1,1,-1,1,-1,-1,-1,-1,-1,-1,-1,8274421,1,1,1,1,1,-1,-1,1,1,1,1,-1,1,1
-1,1,1,1,-1,1,-1,-1,-1,-1,-1,8274419,1,1,1,1,1,-1,-1,1,1,1,0,-1,0,1
-1,1,1,1,1,-1,0,-1,1,1,-1,8274408,-1,1,1,1,1,-1,-1,-1,-1,1,0,0,0,1
1,1,1,1,1,-1,0,-1,1,1,-1,8274407,1,1,1,1,1,-1,1,1,1,1,0,0,0,1
1,1,-1,1,1,1,0,-1,1,1,-1,8274406,-1,0,1,1,1,-1,-1,-1,1,-1,1,-1,1,1
-1,1,-1,1,1,1,0,-1,1,1,-1,8274405,-1,0,1,1,1,-1,-1,-1,1,-1,1,-1,1,1
1,1,1,1,1,1,0,-1,1,1,-1,8274404,1,1,1,1,1,-1,1,-1,1,1,0,0,0,1
-1,1,1,1,1,-1,1,-1,1,1,-1,8274340,1,1,1,1,1,-1,1,0,1,1,1,-1,1,1
-1,1,1,1,1,-1,1,-1,1,1,-1,8274339,-1,1,1,1,1,-1,1,0,1,1,1,-1,1,1
-1,1,1,1,1,1,1,-1,1,1,-1,8274338,1,1,1,1,1,-1,1,1,1,1,1,-1,1,1
-1,1,1,1,1,1,1,-1,1,1,-1,8274337,1,1,1,1,1,-1,1,1,1,1,1,-1,1,1
1,1,1,1,1,1,1,-1,1,1,-1,8274335,1,1,1,1,1,1,1,1,-1,1,1,-1,1,1
-1,1,1,1,1,1,1,-1,1,1,-1,8274334,1,1,1,1,1,-1,1,1,1,1,1,-1,1,1
-1,1,1,1,1,1,1,-1,1,1,-1,8274333,1,1,1,1,1,-1,1,1,1,1,1,-1,1,1
1,1,1,1,1,1,1,-1,1,1,-1,8274287,-1,1,1,1,1,-1,-1,1,0,1,-1,1,1,1
-1,1,1,1,1,1,1,-1,1,1,-1,8274283,1,1,1,1,1,1,1,1,-1,1,1,-1,1,1
-1,1,1,1,1,1,0,-1,1,1,-1,8274275,1,1,1,1,1,1,1,1,-1,1,1,-1,1,1
-1,1,1,1,-1,1,0,-1,1,1,-1,8274274,1,1,1,1,1,1,1,1,-1,1,1,-1,1,1
1,1,1,1,1,-1,0,-1,1,1,-1,8274268,1,1,1,1,1,-1,1,1,1,1,0,0,0,1
1,1,1,1,1,-1,0,-1,1,1,-1,8274245,1,1,1,1,1,-1,1,1,1,1,0,0,0,1
1,1,1,1,1,-1,0,-1,1,1,-1,8274244,1,1,1,1,1,-1,1,1,1,1,0,0,0,1
1,1,1,1,1,1,0,-1,1,1,-1,8274243,1,1,1,1,1,-1,1,-1,0,1,0,0,0,1
1,1,1,1,1,1,0,-1,1,1,-1,8274242,-1,1,1,1,1,-1,1,-1,0,1,0,0,0,1
1,1,1,1,1,1,0,-1,1,1,-1,8274218,1,-1,1,1,1,-1,-1,1,-1,1,0,0,0,1
1,1,1,1,1,1,0,-1,1,1,-1,8274197,-1,0,1,1,1,-1,-1,-1,1,-1,1,-1,1,1
-1,-1,1,1,1,1,-1,-1,-1,1,-1,8274187,-1,1,1,1,1,-1,-1,-1,-1,-1,0,0,0,1
-1,-1,1,1,-1,1,-1,-1,-1,1,-1,8274186,-1,1,1,1,1,-1,1,-1,-1,-1,0,0,0,1
-1,-1,1,1,1,1,-1,-1,-1,1,-1,8274155,-1,1,1,1,1,-1,-1,-1,-1,-1,0,0,0,1
-1,-1,1,1,-1,1,-1,-1,-1,1,-1,8274154,-1,1,1,1,1,-1,1,-1,-1,-1,0,0,0,1
-1,-1,1,1,-1,1,-1,-1,-1,1,-1,8274153,-1,1,1,1,1,-1,-1,-1,1,-1,0,0,0,1
-1,-1,1,1,-1,1,-1,-1,-1,1,-1,8274152,-1,1,1,1,1,-1,-1,-1,1,-1,0,0,0,1
-1,-1,1,1,-1,1,-1,-1,-1,1,-1,8274151,-1,1,1,1,1,-1,-1,-1,1,-1,0,0,0,1
-1,-1,1,1,-1,1,-1,-1,-1,1,-1,8274150,-1,1,1,1,1,-1,-1,-1,1,-1,0,0,0,1
-1,1,1,1,1,1,1,-1,-1,1,-1,8274145,1,1,1,1,1,-1,-1,1,-1,-1,1,-1,1,1
