{"gdprEnable":false,"promoBanner":{"en":{"image":"https://static.edit.site/partners/PoweredBySB.svg","url":"http://sitebeat.com","title":"Build your own website with Sitebeat - no design or coding required.","description":"Try it free"}},"brandingLevel":{"configuration":"GS"},"brandingTheme":{"colorTheme":"active","defaultColor":"#523afe","hoverColor":"","focusColor":"","pressedColor":"","cssLogoFilter":"contrast(0) sepia(100%) hue-rotate(305deg) brightness(1.32) saturate(10.75)","themeApplyVariation":"standard","innerColor":"#ffffff","borderRadius":"3px","browserColorTheme":"#deda42"},"limitedFeaturesPublishedViewType":"hide"}